epoch,accuracy,loss,top-5-accuracy,val_accuracy,val_loss,val_top-5-accuracy
0,0.09734074771404266,2.8466274738311768,0.4233924150466919,0.08124999701976776,2.718330144882202,0.39375001192092896
1,0.11735276132822037,2.6711349487304688,0.4327373802661896,0.11874999850988388,2.8160157203674316,0.39125001430511475
2,0.12444411218166351,2.6435654163360596,0.45378604531288147,0.12250000238418579,2.864487409591675,0.3987500071525574
3,0.1230168268084526,2.6413137912750244,0.4545072019100189,0.09624999761581421,2.6284570693969727,0.49125000834465027
4,0.11811899393796921,2.6226608753204346,0.4839843809604645,0.11375000327825546,2.610654354095459,0.4950000047683716
5,0.1304086595773697,2.608381986618042,0.48070913553237915,0.11874999850988388,2.6216602325439453,0.4662500023841858
6,0.12291166186332703,2.5981826782226562,0.5118088722229004,0.0949999988079071,2.6771044731140137,0.4712499976158142
7,0.11413761973381042,2.628957509994507,0.4774789810180664,0.11874999850988388,2.6286425590515137,0.48124998807907104
